TITLE,ID
デレステ 無重力シャトル yoshino koharu yumi yukimi arisu,XNtWpQ0ghgI
デレステ 無重力シャトル yoshino koharu yumi arisu yukimi,hCLtkzDfsnc
デレステ 無重力シャトル yoshino koharu yukimi yumi arisu,qycLR_NceUY
デレステ 無重力シャトル yoshino koharu yukimi arisu yumi,fngydkmjBoc
デレステ 無重力シャトル yoshino koharu arisu yumi yukimi,19TPi3GBtS8
デレステ 無重力シャトル yoshino koharu arisu yukimi yumi,c8vjqMzCSZs
デレステ 無重力シャトル yoshino arisu yumi yukimi koharu,SmAnZEvdtvE
デレステ 無重力シャトル yoshino arisu yumi koharu yukimi,20rwD0KTiNM
デレステ 無重力シャトル yoshino arisu yukimi yumi koharu,Q1k3qrYZtJ0
デレステ 無重力シャトル yoshino arisu yukimi koharu yumi,WVbUhGs9q14
デレステ 無重力シャトル yoshino arisu koharu yumi yukimi,dMrp_uaaWcg
デレステ 無重力シャトル yoshino arisu koharu yukimi yumi,O27KO2w97ek
デレステ 無重力シャトル koharu yumi yukimi yoshino arisu,9AL4ALnaIKc
デレステ 無重力シャトル koharu yumi yukimi arisu yoshino,GmrnnNbDekw
デレステ 無重力シャトル koharu yumi yoshino yukimi arisu,S5HrWsG_xUE
デレステ 無重力シャトル koharu yumi yoshino arisu yukimi,dpWp-oxuGUU
デレステ 無重力シャトル koharu yumi arisu yukimi yoshino,bP-mTDr1Yys
デレステ 無重力シャトル koharu yumi arisu yoshino yukimi,czqsjjPfvh4
デレステ 無重力シャトル koharu yukimi yumi yoshino arisu,jRcwA5OBcbA
デレステ 無重力シャトル koharu yukimi yumi arisu yoshino,ix8M-7bD2WU
デレステ 無重力シャトル koharu yukimi yoshino yumi arisu,2Qqsp0CRKhM
デレステ 無重力シャトル koharu yukimi yoshino arisu yumi,pDh_MPB2DF8
デレステ 無重力シャトル koharu yukimi arisu yumi yoshino,mCON3nQd1PU
デレステ 無重力シャトル koharu yukimi arisu yoshino yumi,VksGTBqcqFs
デレステ 無重力シャトル koharu yoshino yumi yukimi arisu,1Yn3LEyta68
デレステ 無重力シャトル koharu yoshino yumi arisu yukimi,mQAgCYm2vL4
デレステ 無重力シャトル koharu yoshino yukimi yumi arisu,XYLuyVG8z1M
デレステ 無重力シャトル koharu yoshino yukimi arisu yumi,6WKpXVYhuDE
デレステ 無重力シャトル koharu yoshino arisu yumi yukimi,S8VZbWidfBc
デレステ 無重力シャトル koharu yoshino arisu yukimi yumi,IRVFG6RFR5w
デレステ 無重力シャトル koharu arisu yumi yukimi yoshino,e1v0Rh3VSck
デレステ 無重力シャトル koharu arisu yumi yoshino yukimi,Y0dW7Oru_Yg
デレステ 無重力シャトル koharu arisu yukimi yumi yoshino,IHXSU_FCtLc
デレステ 無重力シャトル koharu arisu yukimi yoshino yumi,B9jIFoXzdr0
デレステ 無重力シャトル koharu arisu yoshino yumi yukimi,hJ_wlCH2_uA
デレステ 無重力シャトル koharu arisu yoshino yukimi yumi,6nq0LZkUx_4
デレステ 無重力シャトル arisu yumi yukimi yoshino koharu,eZ5d6qkqT0M
デレステ 無重力シャトル arisu yumi yukimi koharu yoshino,lc9pfr6SRSg
デレステ 無重力シャトル arisu yumi yoshino yukimi koharu,q3H2-tTH11U
デレステ 無重力シャトル arisu yumi yoshino koharu yukimi,748wl1LKIWQ
デレステ 無重力シャトル arisu yumi koharu yukimi yoshino,Ek2Rkvgyy4I
デレステ 無重力シャトル arisu yumi koharu yoshino yukimi,56zFuVgQCbE
デレステ 無重力シャトル arisu yukimi yumi yoshino koharu,PAooc2-GS_s
デレステ 無重力シャトル arisu yukimi yumi koharu yoshino,8PL_xs_6Ywk
デレステ 無重力シャトル arisu yukimi yoshino yumi koharu,NVgSScJq0po
デレステ 無重力シャトル arisu yukimi yoshino koharu yumi,ckqE1ZfcLmU
デレステ 無重力シャトル arisu yukimi koharu yumi yoshino,XiNDwlhYG5Q
デレステ 無重力シャトル arisu yukimi koharu yoshino yumi,IJ0gZB8FRz8
デレステ 無重力シャトル arisu yoshino yumi yukimi koharu,aEMI1CSlRnk
デレステ 無重力シャトル arisu yoshino yumi koharu yukimi,MLVFXQ78q8c
デレステ 無重力シャトル arisu yoshino yukimi yumi koharu,dduNu-0Bwk4
デレステ 無重力シャトル arisu yoshino yukimi koharu yumi,Do-7nX75UFA
デレステ 無重力シャトル arisu yoshino koharu yumi yukimi,6HwWJbsMBgU
デレステ 無重力シャトル arisu yoshino koharu yukimi yumi,K4f4_560MR8
デレステ 無重力シャトル arisu koharu yumi yukimi yoshino,3ekQw23bgpQ
デレステ 無重力シャトル arisu koharu yumi yoshino yukimi,IDFYp2q8Ic0
デレステ 無重力シャトル arisu koharu yukimi yumi yoshino,EzDep-cqhOs
デレステ 無重力シャトル arisu koharu yukimi yoshino yumi,zIDe2-wZWiY
デレステ 無重力シャトル arisu koharu yoshino yumi yukimi,5y3xS4lmwRU
デレステ 無重力シャトル arisu koharu yoshino yukimi yumi,Q69dWjH7xQM
デレステ 無重力シャトル yumi yukimi yoshino koharu arisu,3u-3PMmWFD8
デレステ 無重力シャトル yumi yukimi yoshino arisu koharu,_zGTOYhdvpA
デレステ 無重力シャトル yumi yukimi koharu yoshino arisu,VW5-FYenzqE
デレステ 無重力シャトル yumi yukimi koharu arisu yoshino,Kei3SGJI7X4
デレステ 無重力シャトル yumi yukimi arisu yoshino koharu,fDDTUNpG7yw
デレステ 無重力シャトル yumi yukimi arisu koharu yoshino,N8pn_ODOv04
デレステ 無重力シャトル yumi yoshino yukimi koharu arisu,2QWd5CFpzVo
デレステ 無重力シャトル yumi yoshino yukimi arisu koharu,InqzEPbHjpQ
デレステ 無重力シャトル yumi yoshino koharu yukimi arisu,xvdWZSKJIL8
デレステ 無重力シャトル yumi yoshino koharu arisu yukimi,vnf9_MtDRNQ
デレステ 無重力シャトル yumi yoshino arisu yukimi koharu,RalL7cD0tH4
デレステ 無重力シャトル yumi yoshino arisu koharu yukimi,9iwqUqcJxaY
デレステ 無重力シャトル yumi koharu yukimi yoshino arisu,EX0wPO8ICLk
デレステ 無重力シャトル yumi koharu yukimi arisu yoshino,e3aPdhUML9M
デレステ 無重力シャトル yumi koharu yoshino yukimi arisu,x4hSP6gi924
デレステ 無重力シャトル yumi koharu yoshino arisu yukimi,PLsLdU79hvM
デレステ 無重力シャトル yumi koharu arisu yukimi yoshino,g9eTV1gREJg
デレステ 無重力シャトル yumi koharu arisu yoshino yukimi,WbmE5iCg6fk
デレステ 無重力シャトル yumi arisu yukimi yoshino koharu,XfezpcIU9as
デレステ 無重力シャトル yumi arisu yukimi koharu yoshino,KTbM17iPCRs
デレステ 無重力シャトル yumi arisu yoshino yukimi koharu,qv_giQEQ1Lg
デレステ 無重力シャトル yumi arisu yoshino koharu yukimi,mf29fU2Bvfc
デレステ 無重力シャトル yumi arisu koharu yukimi yoshino,S3T-X3hey78
デレステ 無重力シャトル yumi arisu koharu yoshino yukimi,ENa8UnGh9cQ
デレステ 無重力シャトル yukimi yumi yoshino koharu arisu,3xPM1Pqnnf8
デレステ 無重力シャトル yukimi yumi yoshino arisu koharu,RSrHQd8m0tU
デレステ 無重力シャトル yukimi yumi koharu yoshino arisu,Rim9TqZUQpo
デレステ 無重力シャトル yukimi yumi koharu arisu yoshino,7Eoi5t9SRt8
デレステ 無重力シャトル yukimi yumi arisu yoshino koharu,apDt8iV6XEU
デレステ 無重力シャトル yukimi yumi arisu koharu yoshino,qHf9Unzwx3w
デレステ 無重力シャトル yukimi yoshino yumi koharu arisu,7kTyjEwJ8_Q
デレステ 無重力シャトル yukimi yoshino yumi arisu koharu,TkdaYoQurBA
デレステ 無重力シャトル yukimi yoshino koharu yumi arisu,0MpwE8Dmzbg
デレステ 無重力シャトル yukimi yoshino koharu arisu yumi,j7ISbZNk7Zk
デレステ 無重力シャトル yukimi yoshino arisu yumi koharu,nVRpdLpRosA
デレステ 無重力シャトル yukimi yoshino arisu koharu yumi,W2P78o_nXik
デレステ 無重力シャトル yukimi koharu yumi yoshino arisu,-dKdHW0bq9o
デレステ 無重力シャトル yukimi koharu yumi arisu yoshino,T7Csc2Ub0T0
デレステ 無重力シャトル yukimi koharu yoshino yumi arisu,Hex9RUNMGN4
デレステ 無重力シャトル yukimi koharu yoshino arisu yumi,G-H8pDk4qdQ
デレステ 無重力シャトル yukimi koharu arisu yumi yoshino,7lN9XbKwnAY
デレステ 無重力シャトル yukimi koharu arisu yoshino yumi,MeJAPHwEcLA
デレステ 無重力シャトル yukimi arisu yumi yoshino koharu,-2eX-rzurJw
デレステ 無重力シャトル yukimi arisu yumi koharu yoshino,WFfK1-mpmdw
デレステ 無重力シャトル yukimi arisu yoshino yumi koharu,XYb_lSUZHbk
デレステ 無重力シャトル yukimi arisu yoshino koharu yumi,efNd0qOhD5Q
デレステ 無重力シャトル yukimi arisu koharu yumi yoshino,vQ-juUTRpLQ
デレステ 無重力シャトル yukimi arisu koharu yoshino yumi,j8yrfZ7L6l0
デレステ 無重力シャトル yoshino yumi yukimi koharu arisu,DBkjx5MUx2A
デレステ 無重力シャトル yoshino yumi yukimi arisu koharu,UOB32TXqPlE
デレステ 無重力シャトル yoshino yumi koharu yukimi arisu,KntFQoQusus
デレステ 無重力シャトル yoshino yumi koharu arisu yukimi,H4bQ8GBSwYQ
デレステ 無重力シャトル yoshino yumi arisu yukimi koharu,JRgn04OQDBw
デレステ 無重力シャトル yoshino yumi arisu koharu yukimi,AkGhkewlfTU
デレステ 無重力シャトル yoshino yukimi yumi koharu arisu,EhwqWsuW5bQ
デレステ 無重力シャトル yoshino yukimi yumi arisu koharu,G8IspgvfCDU
デレステ 無重力シャトル yoshino yukimi koharu yumi arisu,9sZulSn_1u4
デレステ 無重力シャトル yoshino yukimi koharu arisu yumi,5Rw1Tb5m7HU
デレステ 無重力シャトル yoshino yukimi arisu yumi koharu,dWzbxFahZFE
デレステ 無重力シャトル yoshino yukimi arisu koharu yumi,fRqeHv188Zk
デレステ この空の下 yumi yukimi yoshino,_Y7VwlIQz0o
デレステ この空の下 yumi yukimi koharu,ukXDU_N1a2s
デレステ この空の下 yumi yukimi arisu,zoXzfb2TMs0
デレステ この空の下 yumi yoshino yukimi,e3Qies4_sVU
デレステ この空の下 yumi yoshino koharu,Bkxr-DwT9F4
デレステ この空の下 yumi yoshino arisu,l_pkMTSDDFA
デレステ この空の下 yumi koharu yukimi,byY4OzZ3V1c
デレステ この空の下 yumi koharu yoshino,fH4lIn-1TKc
デレステ この空の下 yumi koharu arisu,fxC1nAiCI40
デレステ この空の下 yumi arisu yukimi,sWd4ZhZ4rjA
デレステ この空の下 yumi arisu yoshino,NgMohDxZyJ4
デレステ この空の下 yumi arisu koharu,HtwMyxsrWWQ
デレステ この空の下 yukimi yumi yoshino,EtPtkabSEDg
デレステ この空の下 yukimi yumi koharu,lcpRfQFEeOQ
デレステ この空の下 yukimi yumi arisu,8wmYWxaSdo4
デレステ この空の下 yukimi yoshino yumi,_M1UR2MWnkU
デレステ この空の下 yukimi yoshino koharu,nH6ZmtUdoCU
デレステ この空の下 yukimi yoshino arisu,M8ytrVK83CE
デレステ この空の下 yukimi koharu yumi,YCVFPvYy0Ug
デレステ この空の下 yukimi koharu yoshino,BYskcYfSYXY
デレステ この空の下 yukimi koharu arisu,G02wyFPNDRE
デレステ この空の下 yukimi arisu yumi,u1Y-KD4DuJw
デレステ この空の下 yukimi arisu yoshino,zQ0nxQZSKBs
デレステ この空の下 yukimi arisu koharu,sXuHcD_eAzc
デレステ この空の下 yoshino yumi yukimi,UPXdS339U9o
デレステ この空の下 yoshino yumi koharu,gD_6_WwVjFY
デレステ この空の下 yoshino yumi arisu,Xo8CEdnmiK8
デレステ この空の下 yoshino yukimi yumi,PTXN2reRfFI
デレステ この空の下 yoshino yukimi koharu,AUsNo_1n1Tc
デレステ この空の下 yoshino yukimi arisu,_mwZv892y74
デレステ この空の下 yoshino koharu yumi,s6RhI7wZu-A
デレステ この空の下 yoshino koharu yukimi,U6rMe8H2fxs
デレステ この空の下 yoshino koharu arisu,PBaW43Qqtvc
デレステ この空の下 yoshino arisu yumi,5gbVqcsIHno
デレステ この空の下 yoshino arisu yukimi,FU2qKn7vkRw
デレステ この空の下 yoshino arisu koharu,ogbhNH64J5M
デレステ この空の下 koharu yumi yukimi,WT6TRBPbI_c
デレステ この空の下 koharu yumi yoshino,Y_tRQXIoMPE
デレステ この空の下 koharu yumi arisu,x8gKX-uJtaM
デレステ この空の下 koharu yukimi yumi,pDiSxXiPTo4
デレステ この空の下 koharu yukimi yoshino,J60ZHVDU6gs
デレステ この空の下 koharu yukimi arisu,OBucoOUiSa0
デレステ この空の下 koharu yoshino yumi,7L6qPXpx3SI
デレステ この空の下 koharu yoshino yukimi,gD0kGkUUAnE
デレステ この空の下 koharu yoshino arisu,DWBwHrzRAf0
デレステ この空の下 koharu arisu yoshino,-VQ8VGmhXXg
デレステ この空の下 arisu yumi yukimi,UUlx2ZXcmQA
デレステ この空の下 arisu yumi yoshino,tRek4WHEfZo
デレステ この空の下 arisu yumi koharu,QBjMlij0ta4
デレステ この空の下 arisu yukimi yumi,OAuvmx45OoU
デレステ この空の下 arisu yukimi yoshino,jEY1JWxUZns
デレステ この空の下 arisu yukimi koharu,C07XBaIdeks
デレステ この空の下 arisu yoshino yumi,aLctoW4Fvig
デレステ この空の下 arisu yoshino yukimi,oRISQwoP9J8
デレステ この空の下 arisu yoshino koharu,ur5MZmOCJfU
デレステ この空の下 arisu koharu yumi,a5JHFpID7wI
デレステ この空の下 arisu koharu yukimi,rcY2kxuB6Zw
デレステ この空の下 arisu koharu yoshino,u2PBFzefcwY
デレステ この空の下 koharu arisu yumi,vpHpaBqMv6Q
デレステ この空の下 koharu arisu yukimi,oYBl5wovoXc
デレステ 生存本能ヴァルキュリア yumi yukimi yoshino koharu arisu,2tUPUXetyF4
デレステ 生存本能ヴァルキュリア yumi yukimi yoshino arisu koharu,eaypDuCU1bw
デレステ 生存本能ヴァルキュリア yumi yukimi koharu yoshino arisu,G1cw3TwGYH0
デレステ 生存本能ヴァルキュリア yumi yukimi koharu arisu yoshino,ynHhfdTntps
デレステ 生存本能ヴァルキュリア yumi yukimi arisu yoshino koharu,dzMpEndtii4
デレステ 生存本能ヴァルキュリア yumi yukimi arisu koharu yoshino,o3kx8U6z3sE
デレステ 生存本能ヴァルキュリア yumi yoshino yukimi koharu arisu,HFpMnT0YyQs
デレステ 生存本能ヴァルキュリア yumi yoshino yukimi arisu koharu,76cPYTViTiM
デレステ 生存本能ヴァルキュリア yumi yoshino koharu yukimi arisu,yZhNlWfoQZ8
デレステ 生存本能ヴァルキュリア yumi yoshino koharu arisu yukimi,IfWRGPiBPg8
デレステ 生存本能ヴァルキュリア yumi yoshino arisu yukimi koharu,l6rkaPeUqQ4
デレステ 生存本能ヴァルキュリア yumi yoshino arisu koharu yukimi,RQR2_Rrsa0I
デレステ 生存本能ヴァルキュリア yumi koharu yukimi yoshino arisu,CNWbriSzSmY
デレステ 生存本能ヴァルキュリア yumi koharu yukimi arisu yoshino,wd4Lr7YBYX8
デレステ 生存本能ヴァルキュリア yumi koharu yoshino yukimi arisu,YWARjxzBlco
デレステ 生存本能ヴァルキュリア yumi koharu yoshino arisu yukimi,6tzPvb7N_5o
デレステ 生存本能ヴァルキュリア yumi koharu arisu yukimi yoshino,02PF2yR3qXI
デレステ 生存本能ヴァルキュリア yumi koharu arisu yoshino yukimi,H6d9BC26fv0
デレステ 生存本能ヴァルキュリア yumi arisu yukimi yoshino koharu,g9bgwWE-XtQ
デレステ 生存本能ヴァルキュリア yumi arisu yukimi koharu yoshino,hGKHupzUaz8
デレステ 生存本能ヴァルキュリア yumi arisu yoshino yukimi koharu,Xri359finIM
デレステ 生存本能ヴァルキュリア yumi arisu yoshino koharu yukimi,jz6AeBC3kSs
デレステ 生存本能ヴァルキュリア yumi arisu koharu yukimi yoshino,tpKHUCd7hAk
デレステ 生存本能ヴァルキュリア yumi arisu koharu yoshino yukimi,R0GMuwrqjp8
デレステ 生存本能ヴァルキュリア yukimi yumi yoshino koharu arisu,hPG7YTBxoTc
デレステ 生存本能ヴァルキュリア yukimi yumi yoshino arisu koharu,BTGd7jWFR1w
デレステ 生存本能ヴァルキュリア yukimi yumi koharu yoshino arisu,97YsOZk-Ha0
デレステ 生存本能ヴァルキュリア yukimi yumi koharu arisu yoshino,sPtbrAqrN3c
デレステ 生存本能ヴァルキュリア yukimi yumi arisu yoshino koharu,sM5thoc4p8Y
デレステ 生存本能ヴァルキュリア yukimi yumi arisu koharu yoshino,pH29vDnFdCM
デレステ 生存本能ヴァルキュリア yukimi yoshino yumi koharu arisu,01glZk1cRu8
デレステ 生存本能ヴァルキュリア yukimi yoshino yumi arisu koharu,7ELUt0KhvLE
デレステ 生存本能ヴァルキュリア yukimi yoshino koharu yumi arisu,ILh6FFwXVB0
デレステ 生存本能ヴァルキュリア yukimi yoshino koharu arisu yumi,nSBMFgiNx98
デレステ 生存本能ヴァルキュリア yukimi yoshino arisu yumi koharu,yeQDg0Q9KVc
デレステ 生存本能ヴァルキュリア yukimi yoshino arisu koharu yumi,DE6-RmCUAE0
デレステ 生存本能ヴァルキュリア yukimi koharu yumi yoshino arisu,CJNPM-nStbk
デレステ 生存本能ヴァルキュリア yukimi koharu yumi arisu yoshino,SUxor4Qw66o
デレステ 生存本能ヴァルキュリア yukimi koharu yoshino yumi arisu,FbEZNek7qUg
デレステ 生存本能ヴァルキュリア yukimi koharu yoshino arisu yumi,mCPnxox9jB0
デレステ 生存本能ヴァルキュリア yukimi koharu arisu yumi yoshino,1f-mbWqu-2E
デレステ 生存本能ヴァルキュリア yukimi koharu arisu yoshino yumi,s-zdIxs5PxQ
デレステ 生存本能ヴァルキュリア yukimi arisu yumi yoshino koharu,xSw7B5O1RKw
デレステ 生存本能ヴァルキュリア yukimi arisu yumi koharu yoshino,KRN5wpk71t4
デレステ 生存本能ヴァルキュリア yukimi arisu yoshino yumi koharu,SfNtlLYFpbw
デレステ 生存本能ヴァルキュリア yukimi arisu yoshino koharu yumi,x4Pd-81v5to
デレステ 生存本能ヴァルキュリア yukimi arisu koharu yumi yoshino,A1g61QmkOVI
デレステ 生存本能ヴァルキュリア yukimi arisu koharu yoshino yumi,CuDhJM4g86E
デレステ 生存本能ヴァルキュリア yoshino yumi yukimi koharu arisu,qpIHZ34lzs0
デレステ 生存本能ヴァルキュリア yoshino yumi yukimi arisu koharu,yckBF6FN0IA
デレステ 生存本能ヴァルキュリア yoshino yumi koharu yukimi arisu,YRJ1KLQrInY
デレステ 生存本能ヴァルキュリア yoshino yumi koharu arisu yukimi,STgdUxFWP7s
デレステ 生存本能ヴァルキュリア yoshino yumi arisu yukimi koharu,dDvnZObpaYI
デレステ 生存本能ヴァルキュリア yoshino yumi arisu koharu yukimi,Tjz-bchxCqE
デレステ 生存本能ヴァルキュリア yoshino yukimi yumi koharu arisu,SRLxp58o_CY
デレステ 生存本能ヴァルキュリア yoshino yukimi yumi arisu koharu,ZyiOabxzSww
デレステ 生存本能ヴァルキュリア yoshino yukimi koharu yumi arisu,FdMnglpFrFg
デレステ 生存本能ヴァルキュリア yoshino yukimi koharu arisu yumi,315UYy4i2rY
デレステ 生存本能ヴァルキュリア yoshino yukimi arisu yumi koharu,sGV0xRfGU5c
デレステ 生存本能ヴァルキュリア yoshino yukimi arisu koharu yumi,ZOUhQyqYH8M
デレステ 生存本能ヴァルキュリア arisu yukimi yoshino yumi koharu,uusZTyWt0bg
デレステ 生存本能ヴァルキュリア yoshino koharu yumi yukimi arisu,Vkez4IXpeOM
デレステ 生存本能ヴァルキュリア yoshino koharu yumi arisu yukimi,aHCzjU4KttM
デレステ 生存本能ヴァルキュリア yoshino koharu yukimi yumi arisu,ji6awD8JGSg
デレステ 生存本能ヴァルキュリア yoshino koharu yukimi arisu yumi,rUc6PUTjy-c
デレステ 生存本能ヴァルキュリア yoshino koharu arisu yumi yukimi,6m949YXb5ig
デレステ 生存本能ヴァルキュリア yoshino koharu arisu yukimi yumi,YoanPDeOx48
デレステ 生存本能ヴァルキュリア yoshino arisu yumi yukimi koharu,s2yR3f-yW6A
デレステ 生存本能ヴァルキュリア yoshino arisu yumi koharu yukimi,CvP0KAe4YLs
デレステ 生存本能ヴァルキュリア yoshino arisu yukimi yumi koharu,CXq2LmM2eD8
デレステ 生存本能ヴァルキュリア yoshino arisu yukimi koharu yumi,IKErKALy_K4
デレステ 生存本能ヴァルキュリア yoshino arisu koharu yumi yukimi,ECLsQOoE82o
デレステ 生存本能ヴァルキュリア yoshino arisu koharu yukimi yumi,jd4Vgg2oUJc
デレステ 生存本能ヴァルキュリア koharu yumi yukimi yoshino arisu,mXWSj1stYRs
デレステ 生存本能ヴァルキュリア koharu yumi yukimi arisu yoshino,FX3srNtl84E
デレステ 生存本能ヴァルキュリア koharu yumi yoshino yukimi arisu,0fzMRNfksuU
デレステ 生存本能ヴァルキュリア koharu yumi yoshino arisu yukimi,rQrubMoFwgs
デレステ 生存本能ヴァルキュリア koharu yumi arisu yukimi yoshino,_ub1BUv67mg
デレステ 生存本能ヴァルキュリア koharu yumi arisu yoshino yukimi,11N2mOd4P5w
デレステ 生存本能ヴァルキュリア koharu yukimi yumi yoshino arisu,ZeYd7uRMInA
デレステ 生存本能ヴァルキュリア koharu yukimi yumi arisu yoshino,0T_A_ImAOpE
デレステ 生存本能ヴァルキュリア koharu yukimi yoshino yumi arisu,KFn-NaHjJIg
デレステ 生存本能ヴァルキュリア koharu yukimi yoshino arisu yumi,GO7lK2GK1Ns
デレステ 生存本能ヴァルキュリア koharu yukimi arisu yumi yoshino,03H_p7AcNgw
デレステ 生存本能ヴァルキュリア koharu yukimi arisu yoshino yumi,BaP2cZwmy5o
デレステ 生存本能ヴァルキュリア koharu yoshino yumi yukimi arisu,NygFZrqdzx0
デレステ 生存本能ヴァルキュリア koharu yoshino yumi arisu yukimi,PcMKnbumRS4
デレステ 生存本能ヴァルキュリア koharu yoshino yukimi yumi arisu,4FQ6o3jEjak
デレステ 生存本能ヴァルキュリア koharu yoshino yukimi arisu yumi,Pki9QCbrKQc
デレステ 生存本能ヴァルキュリア koharu yoshino arisu yumi yukimi,Ls_3L2CYVgQ
デレステ 生存本能ヴァルキュリア koharu yoshino arisu yukimi yumi,VpY1MJA0Xz8
デレステ 生存本能ヴァルキュリア koharu arisu yumi yukimi yoshino,VPj_QIKer3A
デレステ 生存本能ヴァルキュリア koharu arisu yumi yoshino yukimi,YvppjrhT7eA
デレステ 生存本能ヴァルキュリア koharu arisu yukimi yumi yoshino,WdFIC0PILyc
デレステ 生存本能ヴァルキュリア koharu arisu yukimi yoshino yumi,FE1P-ex76RU
デレステ 生存本能ヴァルキュリア koharu arisu yoshino yumi yukimi,HsrQdGOFnL0
デレステ 生存本能ヴァルキュリア koharu arisu yoshino yukimi yumi,3-OkzUbNTuI
デレステ 生存本能ヴァルキュリア arisu yumi yukimi yoshino koharu,DePYSoC7Uuc
デレステ 生存本能ヴァルキュリア arisu yumi yukimi koharu yoshino,4vcaLQ6ZXsw
デレステ 生存本能ヴァルキュリア arisu yumi yoshino yukimi koharu,WxA2pp-lJ6s
デレステ 生存本能ヴァルキュリア arisu yumi yoshino koharu yukimi,B09qEjPxhoY
デレステ 生存本能ヴァルキュリア arisu yumi koharu yukimi yoshino,Tt3kC7rh9ts
デレステ 生存本能ヴァルキュリア arisu yumi koharu yoshino yukimi,lRqLu7hr7oY
デレステ 生存本能ヴァルキュリア arisu yukimi yumi yoshino koharu,TO8bJ3ZLjoE
デレステ 生存本能ヴァルキュリア arisu yukimi yumi koharu yoshino,3XHcr2J6KB8
デレステ 生存本能ヴァルキュリア arisu yukimi yoshino koharu yumi,gbOLT2BOWAk
デレステ 生存本能ヴァルキュリア arisu yukimi koharu yumi yoshino,cxZ8CffI1lA
デレステ 生存本能ヴァルキュリア arisu yukimi koharu yoshino yumi,JaSja3r1_bY
デレステ 生存本能ヴァルキュリア arisu yoshino yumi yukimi koharu,wk2v6tbK__A
デレステ 生存本能ヴァルキュリア arisu yoshino yumi koharu yukimi,ojEzJpMn8eg
デレステ 生存本能ヴァルキュリア arisu yoshino yukimi yumi koharu,S_dd02Q-v_A
デレステ 生存本能ヴァルキュリア arisu yoshino yukimi koharu yumi,kRoU21-r09g
デレステ 生存本能ヴァルキュリア arisu yoshino koharu yumi yukimi,u9iG4lUJYm4
デレステ 生存本能ヴァルキュリア arisu yoshino koharu yukimi yumi,mXwmJXOR32I
デレステ 生存本能ヴァルキュリア arisu koharu yumi yukimi yoshino,yv5bfM3y1UY
デレステ 生存本能ヴァルキュリア arisu koharu yumi yoshino yukimi,19e8GpM-DIw
デレステ 生存本能ヴァルキュリア arisu koharu yukimi yumi yoshino,3zbv9VKd6H4
デレステ 生存本能ヴァルキュリア arisu koharu yukimi yoshino yumi,Mq26oNanu6s
デレステ 生存本能ヴァルキュリア arisu koharu yoshino yumi yukimi,H-qLYKPOxt8
デレステ 生存本能ヴァルキュリア arisu koharu yoshino yukimi yumi,dUVLJ51OJUg
デレステ 踊るFLAGSHIP yoshino yukimi arisu,AaV5oTODDl8
デレステ 踊るFLAGSHIP yukimi koharu yumi,xn4WZBosF-w
デレステ 踊るFLAGSHIP yukimi arisu koharu,sn_FCSKsWiE
デレステ 踊るFLAGSHIP yumi yukimi koharu,sDEeNrSouOE
デレステ 踊るFLAGSHIP yukimi arisu yoshino,qeHC-QlDrO0
デレステ 踊るFLAGSHIP yukimi yumi koharu,pt2eboMZMbY
デレステ 踊るFLAGSHIP yumi arisu koharu,mWTPxEe2tDE
デレステ 踊るFLAGSHIP yumi yukimi yoshino,j737cKTKir4
デレステ 踊るFLAGSHIP yumi yukimi arisu,ggzlBC8Ho8w
デレステ 踊るFLAGSHIP yoshino yumi koharu,d9706Pdnxbk
デレステ 踊るFLAGSHIP yukimi yoshino yumi,chUe5-JynJ8
デレステ 踊るFLAGSHIP yumi koharu yukimi,bhW4VmFWzQc
デレステ 踊るFLAGSHIP yumi yoshino yukimi,_Sq4B8t8SKM
デレステ 踊るFLAGSHIP yoshino yukimi yumi,Yx_DTrKK4p8
デレステ 踊るFLAGSHIP yukimi arisu yumi,YPNF3ImvJjM
デレステ 踊るFLAGSHIP yukimi koharu yoshino,W9FovuXmHxU
デレステ 踊るFLAGSHIP yukimi koharu arisu,UgfZLMkfbGk
デレステ 踊るFLAGSHIP yukimi yoshino koharu,T_e95TkwUbM
デレステ 踊るFLAGSHIP yumi koharu arisu,RHw5BjtYuec
デレステ 踊るFLAGSHIP yoshino yumi arisu,N5RVy5232lA
デレステ 踊るFLAGSHIP yumi yoshino koharu,KJzWs2XGhZU
デレステ 踊るFLAGSHIP yukimi yumi yoshino,J_0X5lCjGl8
デレステ 踊るFLAGSHIP yukimi yumi arisu,Ceqk2_kYKtc
デレステ 踊るFLAGSHIP yoshino yumi yukimi,A76BjEjCS58
デレステ 踊るFLAGSHIP yumi yoshino arisu,5RcW7ZBKSbg
デレステ 踊るFLAGSHIP yumi koharu yoshino,4XY1voeJw74
デレステ 踊るFLAGSHIP yukimi yoshino arisu,4Toc3aqqe2E
デレステ 踊るFLAGSHIP yoshino yukimi koharu,3uQV5cvDmPQ
デレステ 踊るFLAGSHIP yoshino arisu yukimi,01_Hohdh6l8
デレステ 踊るFLAGSHIP yumi arisu yukimi,3rSHPqJi4rI
デレステ 踊るFLAGSHIP yumi arisu yoshino,JdOxJ_OgLkY
デレステ 踊るFLAGSHIP yoshino koharu yukimi,NhL3c5b1S84
デレステ 踊るFLAGSHIP koharu arisu yukimi,qqQRno_Ctf8
デレステ 踊るFLAGSHIP koharu arisu yoshino,jtxHKdCtTsM
デレステ 踊るFLAGSHIP koharu yukimi arisu,fn2IZKMjQA0
デレステ 踊るFLAGSHIP arisu yumi koharu,urTPrbMN-Q4
デレステ 踊るFLAGSHIP koharu yumi arisu,taSLSp7V8NM
デレステ 踊るFLAGSHIP koharu yoshino yukimi,qysXTW_AqUE
デレステ 踊るFLAGSHIP yoshino koharu arisu,pmuR2Oj-Eeg
デレステ 踊るFLAGSHIP arisu yukimi koharu,msfVuwdPQBs
デレステ 踊るFLAGSHIP arisu koharu yukimi,lEljSOJv6-U
デレステ 踊るFLAGSHIP koharu yumi yoshino,kHw1B-9Ab8M
デレステ 踊るFLAGSHIP arisu koharu yumi,hth4wFGTN4o
デレステ 踊るFLAGSHIP koharu arisu yumi,hqKWGRf3eY8
デレステ 踊るFLAGSHIP arisu yukimi yoshino,hdEVeHCddso
デレステ 踊るFLAGSHIP koharu yoshino arisu,hEIMZX58RUU
デレステ 踊るFLAGSHIP koharu yoshino yumi,emUbERCKLgo
デレステ 踊るFLAGSHIP arisu yoshino koharu,dF1WcdVwhtg
デレステ 踊るFLAGSHIP koharu yumi yukimi,Y7rzoN1qYzI
デレステ 踊るFLAGSHIP arisu koharu yoshino,XEC_nNG6wdg
デレステ 踊るFLAGSHIP arisu yumi yoshino,WhhUmuPAvG4
デレステ 踊るFLAGSHIP koharu yukimi yoshino,VCz_-gh09DI
デレステ 踊るFLAGSHIP yoshino arisu koharu,V3XFMppbmT8
デレステ 踊るFLAGSHIP arisu yumi yukimi,JobofSB-rCg
デレステ 踊るFLAGSHIP yoshino koharu yumi,IEkxUbxJp_Y
デレステ 踊るFLAGSHIP arisu yoshino yumi,BPQrIV-qBEs
デレステ 踊るFLAGSHIP arisu yoshino yukimi,4J14LnWJ6l8
デレステ 踊るFLAGSHIP arisu yukimi yumi,2w_CLvMoy7Q
デレステ 踊るFLAGSHIP koharu yukimi yumi,TPPlK-q-TbQ
デレステ 踊るFLAGSHIP yoshino arisu yumi,uEsWRHAAa_8
デレステ オルゴールの小箱 yumi yukimi yoshino arisu koharu,9AB8uRxEgPI
デレステ オルゴールの小箱 yumi yukimi yoshino koharu arisu,ZLz_LUaQb68
デレステ オルゴールの小箱 yumi yukimi koharu yoshino arisu,fzGAZh5PS8Y
デレステ オルゴールの小箱 yumi yukimi koharu arisu yoshino,wFHSNmBgl38
デレステ オルゴールの小箱 yumi yukimi arisu yoshino koharu,IVeyEsbeWXA
デレステ オルゴールの小箱 yumi yukimi arisu koharu yoshino,58lg5KUrJGE
デレステ オルゴールの小箱 yumi yoshino yukimi koharu arisu,kOGNS0KEz10
デレステ オルゴールの小箱 yumi yoshino yukimi arisu koharu,aLu-9OvxtsY
デレステ オルゴールの小箱 yumi yoshino koharu yukimi arisu,uPN0m2lEVYQ
デレステ オルゴールの小箱 yumi yoshino koharu arisu yukimi,3rZPdQd15p4
デレステ オルゴールの小箱 yumi yoshino arisu yukimi koharu,dv_TqDmw9LY
デレステ オルゴールの小箱 yumi yoshino arisu koharu yukimi,isOQnXoChAU
デレステ オルゴールの小箱 yumi koharu yukimi yoshino arisu,jp2XXbvr810
デレステ オルゴールの小箱 yumi koharu yukimi arisu yoshino,eFl9xTjT-Pw
デレステ オルゴールの小箱 yumi koharu yoshino yukimi arisu,SNtTc10KP6o
デレステ オルゴールの小箱 yumi koharu yoshino arisu yukimi,snsr4F-ttFc
デレステ オルゴールの小箱 yumi koharu arisu yukimi yoshino,hnx_rukptUs
デレステ オルゴールの小箱 yumi koharu arisu yoshino yukimi,oxwbGoumvsI
デレステ オルゴールの小箱 yumi arisu yukimi yoshino koharu,3Pl9q-ZaDkw
デレステ オルゴールの小箱 yumi arisu yukimi koharu yoshino,3Ol1EOXLvKs
デレステ オルゴールの小箱 yumi arisu yoshino yukimi koharu,Pp9dhs8U884
デレステ オルゴールの小箱 yumi arisu yoshino koharu yukimi,HBlp-sGMBGI
デレステ オルゴールの小箱 yumi arisu koharu yukimi yoshino,HDEeXOjCXkc
デレステ オルゴールの小箱 yumi arisu koharu yoshino yukimi,9-dXChXeLUw
デレステ オルゴールの小箱 yukimi yumi yoshino koharu arisu,06NZC8rTBek
デレステ オルゴールの小箱 yukimi yumi yoshino arisu koharu,-uufLxZbQzs
デレステ オルゴールの小箱 yukimi yumi koharu yoshino arisu,VHvtntSG3XU
デレステ オルゴールの小箱 yukimi yumi koharu arisu yoshino,rprhx63l3T4
デレステ オルゴールの小箱 yukimi yumi arisu yoshino koharu,bxMemRBqGdA
デレステ オルゴールの小箱 yukimi yumi arisu koharu yoshino,4s8Q43EL1RQ
デレステ オルゴールの小箱 yukimi yoshino yumi koharu arisu,bA5gEne-B4Y
デレステ オルゴールの小箱 yukimi yoshino yumi arisu koharu,hkABnzMF8QQ
デレステ オルゴールの小箱 yukimi yoshino koharu yumi arisu,-tJVcUwr-BM
デレステ オルゴールの小箱 yukimi yoshino koharu arisu yumi,2XZfs46PbIc
デレステ オルゴールの小箱 yukimi yoshino arisu yumi koharu,_zg9pEc8j9U
デレステ オルゴールの小箱 yukimi yoshino arisu koharu yumi,_F4zd2lnU1c
デレステ オルゴールの小箱 yukimi koharu yumi yoshino arisu,QEPfVC_YM4g
デレステ オルゴールの小箱 yukimi koharu yumi arisu yoshino,kj2k5IQNOhU
デレステ オルゴールの小箱 yukimi koharu yoshino yumi arisu,G6YVove4bVA
デレステ オルゴールの小箱 yukimi koharu yoshino arisu yumi,PBaP3-UYctY
デレステ オルゴールの小箱 yukimi koharu arisu yumi yoshino,Ko3KPwBu6uY
デレステ オルゴールの小箱 yukimi koharu arisu yoshino yumi,-6mbWFKsGBA
デレステ オルゴールの小箱 yukimi arisu yumi yoshino koharu,1J3euR57To8
デレステ オルゴールの小箱 yukimi arisu yumi koharu yoshino,da0m7sPVZdw
デレステ オルゴールの小箱 yukimi arisu yoshino yumi koharu,Q1Jspj-nlBU
デレステ オルゴールの小箱 yukimi arisu yoshino koharu yumi,BEfgeESIXk0
デレステ オルゴールの小箱 yukimi arisu koharu yumi yoshino,MFTpVATF02w
デレステ オルゴールの小箱 yukimi arisu koharu yoshino yumi,T71JdhmHxUo
デレステ オルゴールの小箱 yoshino yumi yukimi koharu arisu,kzfqs9UcUQg
デレステ オルゴールの小箱 yoshino yumi yukimi arisu koharu,SBEgIGSb5F4
デレステ オルゴールの小箱 yoshino yumi koharu yukimi arisu,b5kNlf2P7PU
デレステ オルゴールの小箱 yoshino yumi koharu arisu yukimi,NtJ0sjwYY3w
デレステ オルゴールの小箱 yoshino yumi arisu yukimi koharu,Nh3fsFMxFGY
デレステ オルゴールの小箱 yoshino yumi arisu koharu yukimi,H_2tpu1zsrU
デレステ オルゴールの小箱 yoshino yukimi yumi koharu arisu,0jlRkTtP110
デレステ オルゴールの小箱 yoshino yukimi yumi arisu koharu,AFRCY55LBQk
デレステ オルゴールの小箱 yoshino yukimi koharu yumi arisu,kfAcUHjjyr8
デレステ オルゴールの小箱 yoshino yukimi koharu arisu yumi,AAU20keDBPw
デレステ オルゴールの小箱 yoshino yukimi arisu yumi koharu,60MfwyaTfiI
デレステ オルゴールの小箱 yoshino yukimi arisu koharu yumi,fZFNNS2tDSM
デレステ オルゴールの小箱 yoshino koharu arisu yukimi yumi,x2K8M6fO0lA
デレステ オルゴールの小箱 yoshino arisu yumi yukimi koharu,mFEkchSO6Ps
デレステ オルゴールの小箱 yoshino arisu yumi koharu yukimi,MwElqeVpNEM
デレステ オルゴールの小箱 yoshino arisu yukimi yumi koharu,ibG-63fBfKg
デレステ オルゴールの小箱 yoshino arisu yukimi koharu yumi,vpepSIQVuyM
デレステ オルゴールの小箱 yoshino arisu koharu yumi yukimi,yZuF-TVJ000
デレステ オルゴールの小箱 yoshino arisu koharu yukimi yumi,xoIzmUdAmt8
デレステ オルゴールの小箱 koharu yumi yukimi yoshino arisu,GJdle-Ytnro
デレステ オルゴールの小箱 koharu yumi yukimi arisu yoshino,m26RuANET7I
デレステ オルゴールの小箱 koharu yumi yoshino yukimi arisu,ES6rPSvGmJ4
デレステ オルゴールの小箱 yoshino koharu yumi yukimi arisu,GdSkQSvsd4o
デレステ オルゴールの小箱 yoshino koharu yumi arisu yukimi,iJswUwxro7c
デレステ オルゴールの小箱 yoshino koharu yukimi yumi arisu,2lnz08lySEk
デレステ オルゴールの小箱 yoshino koharu yukimi arisu yumi,TP5wEZwVGMk
デレステ オルゴールの小箱 yoshino koharu arisu yumi yukimi,VoWN6KGNtKg
デレステ オルゴールの小箱 koharu yumi yoshino arisu yukimi,ciQAE3onpmk
デレステ オルゴールの小箱 koharu yumi arisu yukimi yoshino,5ioujYdzUrI
デレステ オルゴールの小箱 koharu yumi arisu yoshino yukimi,Z0MKbmrFYfI
デレステ オルゴールの小箱 koharu yukimi yumi yoshino arisu,e_TelPh_u5w
デレステ オルゴールの小箱 koharu yukimi yumi arisu yoshino,mBXL6K-UV44
デレステ オルゴールの小箱 koharu yukimi yoshino yumi arisu,OxdA77vncO8
デレステ オルゴールの小箱 koharu yukimi yoshino arisu yumi,LEggcZmIiW4
デレステ オルゴールの小箱 koharu yukimi arisu yumi yoshino,T1dz6o5PwDc
デレステ オルゴールの小箱 koharu yukimi arisu yoshino yumi,7PuHJbgYAF8
デレステ オルゴールの小箱 koharu yoshino yumi yukimi arisu,E5ZULpmcZNI
デレステ オルゴールの小箱 koharu yoshino yumi arisu yukimi,UkEzHIvhzrI
デレステ オルゴールの小箱 koharu yoshino yukimi yumi arisu,ziKgizQGsTA
デレステ オルゴールの小箱 koharu yoshino yukimi arisu yumi,Io6ze-EZ3TI
デレステ オルゴールの小箱 koharu yoshino arisu yumi yukimi,0lDKbwVR68Q
デレステ オルゴールの小箱 koharu yoshino arisu yukimi yumi,rPAthR9HEGs
デレステ オルゴールの小箱 koharu arisu yumi yukimi yoshino,8PtKV06HY0g
デレステ オルゴールの小箱 koharu arisu yumi yoshino yukimi,rnJppaoUs6Y
デレステ オルゴールの小箱 koharu arisu yukimi yumi yoshino,upoeXPKkoww
デレステ オルゴールの小箱 koharu arisu yukimi yoshino yumi,SHwEqFT-L5M
デレステ オルゴールの小箱 koharu arisu yoshino yumi yukimi,MBHHfau25SA
デレステ オルゴールの小箱 koharu arisu yoshino yukimi yumi,2Ks2W7x4ODQ
デレステ オルゴールの小箱 arisu yumi yukimi yoshino koharu,OVOJBqZi3Sg
デレステ オルゴールの小箱 arisu yumi yukimi koharu yoshino,9IbD3jA3EL8
デレステ オルゴールの小箱 arisu yumi yoshino yukimi koharu,QBR5H2f4xwY
デレステ オルゴールの小箱 arisu yumi yoshino koharu yukimi,7nintQstUlA
デレステ オルゴールの小箱 arisu yumi koharu yukimi yoshino,6TDMqJhrV34
デレステ オルゴールの小箱 arisu yumi koharu yoshino yukimi,gOFcIrJOH8w
デレステ オルゴールの小箱 arisu yukimi yumi yoshino koharu,Y83iHSwFsVY
デレステ オルゴールの小箱 arisu yukimi yumi koharu yoshino,WGqkSxqPtkc
デレステ オルゴールの小箱 arisu yukimi yoshino yumi koharu,r8-2J8GNdNw
デレステ オルゴールの小箱 arisu yukimi yoshino koharu yumi,HYY0gwY5sZA
デレステ オルゴールの小箱 arisu yukimi koharu yumi yoshino,jm9rRE-l_7E
デレステ オルゴールの小箱 arisu yukimi koharu yoshino yumi,AGvf5YHnCx8
デレステ オルゴールの小箱 arisu yoshino yumi yukimi koharu,WW9h2CoY90U
デレステ オルゴールの小箱 arisu yoshino yumi koharu yukimi,f2aQuCpGpg8
デレステ オルゴールの小箱 arisu yoshino yukimi yumi koharu,gPyRVu4ZcDg
デレステ オルゴールの小箱 arisu yoshino yukimi koharu yumi,dDDtQTk6Uac
デレステ オルゴールの小箱 arisu yoshino koharu yumi yukimi,GvK6gt5sMTg
デレステ オルゴールの小箱 arisu yoshino koharu yukimi yumi,97SFknGobAw
デレステ オルゴールの小箱 arisu koharu yumi yukimi yoshino,0STJe44iuHI
デレステ オルゴールの小箱 arisu koharu yumi yoshino yukimi,DeKWtIIF_5w
デレステ オルゴールの小箱 arisu koharu yukimi yumi yoshino,N_0lDwyQ73k
デレステ オルゴールの小箱 arisu koharu yukimi yoshino yumi,OlaN5eWiPMo
デレステ オルゴールの小箱 arisu koharu yoshino yumi yukimi,7jzG_MBhbIo
デレステ オルゴールの小箱 arisu koharu yoshino yukimi yumi,ShAiGPdot34
デレステ 恋が咲く季節 yumi yukimi yoshino koharu arisu,ffVRJp2UUP8
デレステ 恋が咲く季節 yumi yukimi yoshino arisu koharu,vlmx7sygwDk
デレステ 恋が咲く季節 yumi yukimi koharu yoshino arisu,zrWmn7L7vq8
デレステ 恋が咲く季節 yumi yukimi koharu arisu yoshino,swRAuB0nKPE
デレステ 恋が咲く季節 yumi yukimi arisu yoshino koharu,C5FObvVvMz8
デレステ 恋が咲く季節 yumi yukimi arisu koharu yoshino,NGVn7ivBgSs
デレステ 恋が咲く季節 yumi yoshino yukimi koharu arisu,6g3lN_tR9n8
デレステ 恋が咲く季節 yumi yoshino yukimi arisu koharu,USXQyj4tzEA
デレステ 恋が咲く季節 yumi yoshino koharu yukimi arisu,q7-meMN2r58
デレステ 恋が咲く季節 yumi yoshino koharu arisu yukimi,c3hylcaGPZ4
デレステ 恋が咲く季節 yumi yoshino arisu yukimi koharu,nBVX5yKHigA
デレステ 恋が咲く季節 yumi yoshino arisu koharu yukimi,MQx46a_-EIk
デレステ 恋が咲く季節 yumi koharu yukimi yoshino arisu,hZ6pKrAta8c
デレステ 恋が咲く季節 yumi koharu yukimi arisu yoshino,9gwDNjKh300
デレステ 恋が咲く季節 yumi koharu yoshino yukimi arisu,wNPxC5WluUc
デレステ 恋が咲く季節 yumi koharu yoshino arisu yukimi,VLKfcYkwfys
デレステ 恋が咲く季節 yumi koharu arisu yoshino yukimi,B7ZJ26bSBjw
デレステ 恋が咲く季節 yumi arisu yukimi yoshino koharu,ow-olGhstpk
デレステ 恋が咲く季節 yumi arisu yukimi koharu yoshino,eZ9MIofsVps
デレステ 恋が咲く季節 yumi arisu yoshino yukimi koharu,_V1CiK1QWKM
デレステ 恋が咲く季節 yumi arisu yoshino koharu yukimi,9tpL2m_wlXE
デレステ 恋が咲く季節 yumi arisu koharu yukimi yoshino,_0JB5TAb6Ao
デレステ 恋が咲く季節 yumi arisu koharu yoshino yukimi,NunyCjjDhng
デレステ 恋が咲く季節 yukimi yumi yoshino koharu arisu,jB10ZZbLW5Y
デレステ 恋が咲く季節 yukimi yumi yoshino arisu koharu,Nvw-5B8N_rY
デレステ 恋が咲く季節 yukimi yumi koharu yoshino arisu,0lBqSuem5F0
デレステ 恋が咲く季節 yukimi yumi koharu arisu yoshino,BTmlsAbVLOo
デレステ 恋が咲く季節 yukimi yumi arisu yoshino koharu,s7bYi19Zd4k
デレステ 恋が咲く季節 yukimi yumi arisu koharu yoshino,WhPhu4fq17k
デレステ 恋が咲く季節 yukimi yoshino yumi koharu arisu,bqN662xuIHQ
デレステ 恋が咲く季節 yukimi yoshino yumi arisu koharu,LjOwkgLvz7c
デレステ 恋が咲く季節 yukimi yoshino koharu yumi arisu,-ZU0jCopgMU
デレステ 恋が咲く季節 yukimi yoshino koharu arisu yumi,Y0Vl7AST9nc
デレステ 恋が咲く季節 yukimi yoshino arisu yumi koharu,j-9-W712H5M
デレステ 恋が咲く季節 yukimi yoshino arisu koharu yumi,WipvKVfGOzk
デレステ 恋が咲く季節 yukimi koharu yumi yoshino arisu,J0vil_xV8fc
デレステ 恋が咲く季節 yukimi koharu yumi arisu yoshino,IAzMjj9cp9I
デレステ 恋が咲く季節 yukimi koharu yoshino yumi arisu,kCbwpqKLtt8
デレステ 恋が咲く季節 yukimi koharu yoshino arisu yumi,O8kHvHBRPHM
デレステ 恋が咲く季節 yukimi koharu arisu yumi yoshino,hkb1Wnuqg1A
デレステ 恋が咲く季節 yukimi koharu arisu yoshino yumi,6VU8iH3Ok8Y
デレステ 恋が咲く季節 yukimi arisu yumi yoshino koharu,-Yk4OMsWd80
デレステ 恋が咲く季節 yukimi arisu yumi koharu yoshino,PYFHXBzlP38
デレステ 恋が咲く季節 yukimi arisu yoshino yumi koharu,V5Vj1BnyVGA
デレステ 恋が咲く季節 yukimi arisu yoshino koharu yumi,LlIKZfJoleo
デレステ 恋が咲く季節 yukimi arisu koharu yumi yoshino,OTjCYplape0
デレステ 恋が咲く季節 yukimi arisu koharu yoshino yumi,pV3vYNwEL3Y
デレステ 恋が咲く季節 yoshino yumi yukimi koharu arisu,fbk5Qhzfmzo
デレステ 恋が咲く季節 yoshino yumi yukimi arisu koharu,v7IDQNtCql8
デレステ 恋が咲く季節 yoshino yumi koharu yukimi arisu,KWQX_gM998k
デレステ 恋が咲く季節 yoshino yumi koharu arisu yukimi,i3WyrLEB3L4
デレステ 恋が咲く季節 yoshino yumi arisu yukimi koharu,nY_bDwQE89Q
デレステ 恋が咲く季節 yoshino yumi arisu koharu yukimi,BppalU26JDM
デレステ 恋が咲く季節 yoshino yukimi yumi koharu arisu,W4PXyFUNDf4
デレステ 恋が咲く季節 yoshino yukimi yumi arisu koharu,JT07VN0OI84
デレステ 恋が咲く季節 yoshino yukimi koharu yumi arisu,vhyFdvtbtLY
デレステ 恋が咲く季節 yoshino yukimi koharu arisu yumi,9gdxnSItH5E
デレステ 恋が咲く季節 yoshino yukimi arisu yumi koharu,7q4jt4SCaFk
デレステ 恋が咲く季節 yoshino yukimi arisu koharu yumi,He495kMX3aY
デレステ 恋が咲く季節 yoshino koharu yumi yukimi arisu,uPa6ZzyNFIM
デレステ 恋が咲く季節 yoshino koharu yumi arisu yukimi,9Imc_gfL11I
デレステ 恋が咲く季節 yoshino koharu yukimi yumi arisu,XCXS0M2vta0
デレステ 恋が咲く季節 yoshino koharu yukimi arisu yumi,DnIIC6KXjUE
デレステ 恋が咲く季節 yoshino koharu arisu yumi yukimi,IFtutAT45hQ
デレステ 恋が咲く季節 yoshino koharu arisu yukimi yumi,RrFxW7OH0ac
デレステ 恋が咲く季節 yoshino arisu yumi yukimi koharu,sjwdSCTQ980
デレステ 恋が咲く季節 yoshino arisu yumi koharu yukimi,5KM0rS-GRvs
デレステ 恋が咲く季節 yoshino arisu yukimi yumi koharu,5eT1purcm1A
デレステ 恋が咲く季節 yoshino arisu yukimi koharu yumi,lrPBiobGWOM
デレステ 恋が咲く季節 yoshino arisu koharu yumi yukimi,qLMd7ifiHsg
デレステ 恋が咲く季節 yoshino arisu koharu yukimi yumi,QiYpvBYvJQM
デレステ 恋が咲く季節 koharu yumi yukimi yoshino arisu,9e4t5VO3sic
デレステ 恋が咲く季節 koharu yumi yukimi arisu yoshino,c98ZwihmgaM
デレステ 恋が咲く季節 koharu yumi yoshino yukimi arisu,34CVy4luwbk
デレステ 恋が咲く季節 koharu yumi yoshino arisu yukimi,ECq-BFvXMFE
デレステ 恋が咲く季節 koharu yumi arisu yukimi yoshino,R452qN-_2Os
デレステ 恋が咲く季節 koharu yumi arisu yoshino yukimi,B3jwlENF9Us
デレステ 恋が咲く季節 koharu yukimi yumi yoshino arisu,XE1DEHQer1Y
デレステ 恋が咲く季節 koharu yukimi yumi arisu yoshino,zuy_TYaUxgc
デレステ 恋が咲く季節 koharu yukimi yoshino yumi arisu,JmG3D6pvDVo
デレステ 恋が咲く季節 koharu yukimi yoshino arisu yumi,nzh7obx0jfQ
デレステ 恋が咲く季節 koharu yukimi arisu yumi yoshino,-WozGEHFHmk
デレステ 恋が咲く季節 koharu yukimi arisu yoshino yumi,X9KfFXQr_u4
デレステ 恋が咲く季節 koharu yoshino yumi yukimi arisu,-SikVSrQRD0
デレステ 恋が咲く季節 koharu yoshino yumi arisu yukimi,LxRAFpnAdSk
デレステ 恋が咲く季節 koharu yoshino yukimi yumi arisu,20sqV5fZPKs
デレステ 恋が咲く季節 koharu yoshino yukimi arisu yumi,bSqYA7S3G_s
デレステ 恋が咲く季節 koharu yoshino arisu yumi yukimi,VKWbXM2UlF8
デレステ 恋が咲く季節 koharu yoshino arisu yukimi yumi,dX1C_PlZTqI
デレステ 恋が咲く季節 koharu arisu yumi yukimi yoshino,UDEJsIC7usU
デレステ 恋が咲く季節 koharu arisu yumi yoshino yukimi,G9vxnl8sWI0
デレステ 恋が咲く季節 koharu arisu yukimi yumi yoshino,QkosQyxtbTE
デレステ 恋が咲く季節 koharu arisu yukimi yoshino yumi,gmF106c66D0
デレステ 恋が咲く季節 koharu arisu yoshino yumi yukimi,eJV0PvXyXDQ
デレステ 恋が咲く季節 koharu arisu yoshino yukimi yumi,lkdRQ-CKOiU
デレステ 恋が咲く季節 arisu yumi yukimi yoshino koharu,vwNwcHJ8SgM
デレステ 恋が咲く季節 arisu yumi yukimi koharu yoshino,G4BHZX3NAg0
デレステ 恋が咲く季節 arisu yumi yoshino yukimi koharu,OHr4HIo7nJU
デレステ 恋が咲く季節 arisu yumi yoshino koharu yukimi,FA4bW1dvOTw
デレステ 恋が咲く季節 arisu yumi koharu yukimi yoshino,f1fr8S0K_Cc
デレステ 恋が咲く季節 arisu yumi koharu yoshino yukimi,O-9D3C2rXUk
デレステ 恋が咲く季節 arisu yukimi yumi yoshino koharu,vJhFegSZ--w
デレステ 恋が咲く季節 arisu yukimi yumi koharu yoshino,EFdXFCRQQ6w
デレステ 恋が咲く季節 arisu yukimi yoshino yumi koharu,eNwmvSBAv2g
デレステ 恋が咲く季節 arisu yukimi yoshino koharu yumi,Yeer6MZp_es
デレステ 恋が咲く季節 arisu yukimi koharu yumi yoshino,6_mWCAhn5gU
デレステ 恋が咲く季節 arisu yukimi koharu yoshino yumi,E4zhp-SnyTU
デレステ 恋が咲く季節 arisu yoshino yumi yukimi koharu,XHxsISHs6Hc
デレステ 恋が咲く季節 arisu yoshino yumi koharu yukimi,myaVIMjjJ1g
デレステ 恋が咲く季節 arisu yoshino yukimi yumi koharu,g7iLwt3IiAc
デレステ 恋が咲く季節 arisu yoshino yukimi koharu yumi,Qz1LyLsFcdo
デレステ 恋が咲く季節 arisu yoshino koharu yumi yukimi,IfXMOgyBcFg
デレステ 恋が咲く季節 arisu yoshino koharu yukimi yumi,ewJJDdT8CEk
デレステ 恋が咲く季節 arisu koharu yumi yukimi yoshino,-vJaACP4Ekg
デレステ 恋が咲く季節 arisu koharu yumi yoshino yukimi,KxP61IttAmQ
デレステ 恋が咲く季節 arisu koharu yukimi yumi yoshino,YIIcIG7AKtI
デレステ 恋が咲く季節 arisu koharu yukimi yoshino yumi,0yOd8jWpg-I
デレステ 恋が咲く季節 arisu koharu yoshino yumi yukimi,dYXQlOBP-84
デレステ 恋が咲く季節 arisu koharu yoshino yukimi yumi,Nb57lJ4IJpE
ERRORデレステ 恋が咲く季節 yumi koharu arisu yukimi yoshino,Ww6Izb_acAY
デレステ 夢をのぞいたら（for BEST3 VERSION） yukimi yumi koharu,maYqwocjraI
デレステ 夢をのぞいたら（for BEST3 VERSION） yukimi koharu yumi,fd1uumv6rvU
デレステ 夢をのぞいたら（for BEST3 VERSION） yukimi koharu yoshino,eqPoxkuV2fg
デレステ 夢をのぞいたら（for BEST3 VERSION） yumi yoshino yukimi,WsJsR01BjCA
デレステ 夢をのぞいたら（for BEST3 VERSION） yumi koharu arisu,VG7iuf4e_SA
デレステ 夢をのぞいたら（for BEST3 VERSION） yukimi yoshino arisu,Trzkc1YyzXU
デレステ 夢をのぞいたら（for BEST3 VERSION） yumi yoshino koharu,KC8t-Y_b-zc
デレステ 夢をのぞいたら（for BEST3 VERSION） yukimi yoshino yumi,H7OLEwCKNUQ
デレステ 夢をのぞいたら（for BEST3 VERSION） yukimi yoshino koharu,EXmwXgXwj1Y
デレステ 夢をのぞいたら（for BEST3 VERSION） yukimi arisu yoshino,vC8Gvp3YVwI
デレステ 夢をのぞいたら（for BEST3 VERSION） yumi arisu yukimi,tN_BLD48Y98
デレステ 夢をのぞいたら（for BEST3 VERSION） yoshino yukimi koharu,sEiN0u64Lv4
デレステ 夢をのぞいたら（for BEST3 VERSION） yukimi arisu koharu,pThtfhROCK4
デレステ 夢をのぞいたら（for BEST3 VERSION） yoshino yumi arisu,oix4rRP6saM
デレステ 夢をのぞいたら（for BEST3 VERSION） yukimi koharu arisu,oah0lvdpHno
デレステ 夢をのぞいたら（for BEST3 VERSION） yumi yoshino arisu,R_ZljPXxvjM
デレステ 夢をのぞいたら（for BEST3 VERSION） yoshino yukimi yumi,RQiuhKZxP_c
デレステ 夢をのぞいたら（for BEST3 VERSION） yumi koharu yukimi,NHYs3bZM2vg
デレステ 夢をのぞいたら（for BEST3 VERSION） yumi yukimi koharu,M9rvVmmXQLM
デレステ 夢をのぞいたら（for BEST3 VERSION） yumi yukimi yoshino,LfxuNHG5vVo
デレステ 夢をのぞいたら（for BEST3 VERSION） yoshino yukimi arisu,LGOi3nkBFHU
デレステ 夢をのぞいたら（for BEST3 VERSION） yukimi arisu yumi,IZZIAhAP6ig
デレステ 夢をのぞいたら（for BEST3 VERSION） yoshino yumi yukimi,HQ9Qr27bZwM
デレステ 夢をのぞいたら（for BEST3 VERSION） yukimi yumi arisu,Fh8xUYw8XHM
デレステ 夢をのぞいたら（for BEST3 VERSION） yumi koharu yoshino,9bbB4_h5KmE
デレステ 夢をのぞいたら（for BEST3 VERSION） yukimi yumi yoshino,1CGWtxDOLGE
デレステ 夢をのぞいたら（for BEST3 VERSION） yumi yukimi arisu,9dvbNAqtC-g
デレステ 夢をのぞいたら（for BEST3 VERSION） yumi arisu yoshino,tAlNOlk99LA
デレステ 夢をのぞいたら（for BEST3 VERSION） yumi arisu koharu,4JO5p_Ggug8
デレステ 夢をのぞいたら（for BEST3 VERSION） yoshino yumi koharu,sCJzO_SUtfs
デレステ 夢をのぞいたら（for BEST3 VERSION） yoshino koharu yumi,Ikrv28r6-bY
デレステ 夢をのぞいたら（for BEST3 VERSION） yoshino koharu yukimi,0O0xcfDDjHM
デレステ 夢をのぞいたら（for BEST3 VERSION） yoshino koharu arisu,XaSUCAYKIMQ
デレステ 夢をのぞいたら（for BEST3 VERSION） yoshino arisu yumi,8rM6vrVG3Uo
デレステ 夢をのぞいたら（for BEST3 VERSION） yoshino arisu yukimi,G33RkbDzmc4
デレステ 夢をのぞいたら（for BEST3 VERSION） yoshino arisu koharu,lJKH_D_flbk
デレステ 夢をのぞいたら（for BEST3 VERSION） koharu yumi yukimi,JZwbKnfTMuk
デレステ 夢をのぞいたら（for BEST3 VERSION） koharu yumi yoshino,4Huq6TwvjPA
デレステ 夢をのぞいたら（for BEST3 VERSION） koharu yumi arisu,UKZA1WnmoMo
デレステ 夢をのぞいたら（for BEST3 VERSION） koharu yukimi yumi,LrDs1OrhrqM
デレステ 夢をのぞいたら（for BEST3 VERSION） koharu yukimi yoshino,bym0ulCi8LQ
デレステ 夢をのぞいたら（for BEST3 VERSION） koharu yukimi arisu,LKki8PWDhMY
デレステ 夢をのぞいたら（for BEST3 VERSION） koharu yoshino yumi,tbuUA86LMIo
デレステ 夢をのぞいたら（for BEST3 VERSION） koharu yoshino yukimi,ea_CsCaoCfM
デレステ 夢をのぞいたら（for BEST3 VERSION） koharu yoshino arisu,MkcRVfCPzaA
デレステ 夢をのぞいたら（for BEST3 VERSION） koharu arisu yumi,F-qCynysR18
デレステ 夢をのぞいたら（for BEST3 VERSION） koharu arisu yukimi,UU6kilklHPs
デレステ 夢をのぞいたら（for BEST3 VERSION） koharu arisu yoshino,Im9qfcQ6b3A
デレステ 夢をのぞいたら（for BEST3 VERSION） arisu yumi yukimi,_BQZSnQ2sEc
デレステ 夢をのぞいたら（for BEST3 VERSION） arisu yumi yoshino,wS3C4PsQboo
デレステ 夢をのぞいたら（for BEST3 VERSION） arisu yumi koharu,FoiV8SyYrms
デレステ 夢をのぞいたら（for BEST3 VERSION） arisu yukimi yumi,6WRRyPs4rvA
デレステ 夢をのぞいたら（for BEST3 VERSION） arisu yukimi yoshino,rm5BOROXGmg
デレステ 夢をのぞいたら（for BEST3 VERSION） arisu yukimi koharu,ppIbrEFarAI
デレステ 夢をのぞいたら（for BEST3 VERSION） arisu yoshino yumi,tepdi9jj5So
デレステ 夢をのぞいたら（for BEST3 VERSION） arisu yoshino yukimi,cSstG3_EAAY
デレステ 夢をのぞいたら（for BEST3 VERSION） arisu yoshino koharu,odur6r-fA9U
デレステ 夢をのぞいたら（for BEST3 VERSION） arisu koharu yumi,7v8lEsym-jg
デレステ 夢をのぞいたら（for BEST3 VERSION） arisu koharu yukimi,rEjozPJVGwM
デレステ 夢をのぞいたら（for BEST3 VERSION） arisu koharu yoshino,0EhxWRHvdrA
デレステ とんでいっちゃいたいの yumi yukimi yoshino,fGcfwCNrVR8
デレステ とんでいっちゃいたいの yumi yukimi koharu,hTMCC6UrUw4
デレステ とんでいっちゃいたいの yumi yukimi arisu,eisn4vGBWXA
デレステ とんでいっちゃいたいの yumi yoshino yukimi,2QAlBwNRUtc
デレステ とんでいっちゃいたいの yumi yoshino koharu,BJbJQDBiBwc
デレステ とんでいっちゃいたいの yumi yoshino arisu,JQIli7KEFb8
デレステ とんでいっちゃいたいの yumi koharu yukimi,Pcb3wpc8Wp0
デレステ とんでいっちゃいたいの yumi koharu yoshino,lBGhCOxyoyM
デレステ とんでいっちゃいたいの yumi koharu arisu,PkgMMY7IiPw
デレステ とんでいっちゃいたいの yumi arisu yukimi,F8gAgNXHM9A
デレステ とんでいっちゃいたいの yumi arisu yoshino,YL4Uu_AiAXc
デレステ とんでいっちゃいたいの yumi arisu koharu,nHGdtkEpT8Q
デレステ とんでいっちゃいたいの yukimi yumi yoshino,aTMqQ7nKCFo
デレステ とんでいっちゃいたいの yukimi yumi koharu,XwTRefylKbE
デレステ とんでいっちゃいたいの yukimi yumi arisu,1pW7tl_hND8
デレステ とんでいっちゃいたいの yukimi yoshino yumi,J724SX94yJs
デレステ とんでいっちゃいたいの yukimi yoshino koharu,p9DtjXK_vWA
デレステ とんでいっちゃいたいの yukimi yoshino arisu,k8ItdVGdijI
デレステ とんでいっちゃいたいの yukimi koharu yumi,0U7ZRFqewII
デレステ とんでいっちゃいたいの yukimi koharu yoshino,lF3XG0wQkec
デレステ とんでいっちゃいたいの yukimi koharu arisu,tl3WGS1SdaM
デレステ とんでいっちゃいたいの yukimi arisu yumi,aUwEXvaFpZo
デレステ とんでいっちゃいたいの yukimi arisu yoshino,9Omw-PjzJ1o
デレステ とんでいっちゃいたいの yukimi arisu koharu,vSR_NcE53UU
デレステ とんでいっちゃいたいの yoshino yumi yukimi,cA-yN7WhaMY
デレステ とんでいっちゃいたいの yoshino yumi koharu,XYFDPhq123s
デレステ とんでいっちゃいたいの yoshino yumi arisu,vsifqa0Mzc0
デレステ とんでいっちゃいたいの yoshino yukimi yumi,vzWDd6rd_BE
デレステ とんでいっちゃいたいの yoshino yukimi koharu,ccrKyI0jmwg
デレステ とんでいっちゃいたいの yoshino yukimi arisu,vbCeYGrA9TE
デレステ とんでいっちゃいたいの yoshino koharu yumi,qtWxesYZUa0
デレステ とんでいっちゃいたいの yoshino koharu yukimi,LTRjkcF7fkk
デレステ とんでいっちゃいたいの yoshino koharu arisu,BuYJ0D1GTh4
デレステ とんでいっちゃいたいの yoshino arisu yumi,SQ62xULoopA
デレステ とんでいっちゃいたいの yoshino arisu yukimi,cYd31JU_hTQ
デレステ とんでいっちゃいたいの yoshino arisu koharu,2lZocoynkKY
デレステ とんでいっちゃいたいの koharu yumi yukimi,h3XgLQciRxk
デレステ とんでいっちゃいたいの koharu yumi yoshino,xbOh2qJbKwk
デレステ とんでいっちゃいたいの koharu yumi arisu,fsZMjF2w0Qg
デレステ とんでいっちゃいたいの koharu yukimi yumi,iC1Ey3qZC-0
デレステ とんでいっちゃいたいの koharu yukimi yoshino,3E43HfHS81Q
デレステ とんでいっちゃいたいの koharu yukimi arisu,9Y-Qz5LASfk
デレステ とんでいっちゃいたいの koharu yoshino yumi,bVxXCDt_OQc
デレステ とんでいっちゃいたいの koharu yoshino yukimi,vv3VBFEGtIk
デレステ とんでいっちゃいたいの koharu yoshino arisu,m3akqoWpxsc
デレステ とんでいっちゃいたいの koharu arisu yumi,HOqRtuWEn94
デレステ とんでいっちゃいたいの koharu arisu yukimi,-DJreZuv6vM
デレステ とんでいっちゃいたいの koharu arisu yoshino,7JYa0z2wWCE
デレステ とんでいっちゃいたいの arisu yumi yukimi,Vs1aQEnGauU
デレステ とんでいっちゃいたいの arisu yumi yoshino,GIc2aJc6lvI
デレステ とんでいっちゃいたいの arisu yumi koharu,-chPlVINK04
デレステ とんでいっちゃいたいの arisu yukimi yumi,ePCK5HM4zcw
デレステ とんでいっちゃいたいの arisu yukimi yoshino,GeBzY2unnLI
デレステ とんでいっちゃいたいの arisu yukimi koharu,wvfvNWdKhls
デレステ とんでいっちゃいたいの arisu yoshino yumi,ggeUAJh7PNk
デレステ とんでいっちゃいたいの arisu yoshino yukimi,A78gSfGrBqk
デレステ とんでいっちゃいたいの arisu yoshino koharu,YzBt9lD2i5Q
デレステ とんでいっちゃいたいの arisu koharu yumi,7qndMfvl0s4
デレステ とんでいっちゃいたいの arisu koharu yukimi,gi4r6OamiLM
デレステ とんでいっちゃいたいの arisu koharu yoshino,jijVomF46zQ
デレステ つぼみ yumi yukimi yoshino koharu arisu,6cPOMcvItQc
デレステ つぼみ yumi yukimi yoshino arisu koharu,9mm_W8z5omM
デレステ つぼみ yumi yukimi koharu yoshino arisu,jc71UvnL6gg
デレステ つぼみ yumi yukimi koharu arisu yoshino,RCdbXprLa80
デレステ つぼみ yumi yukimi arisu yoshino koharu,qMo0P6_8sXY
デレステ つぼみ yumi yukimi arisu koharu yoshino,WcpFmTr7q0w
デレステ つぼみ yumi yoshino yukimi koharu arisu,UTKgMRH-zeo
デレステ つぼみ yumi yoshino yukimi arisu koharu,oxkR-HCBOho
デレステ つぼみ yumi yoshino koharu yukimi arisu,FFd4YwmhOro
デレステ つぼみ yumi yoshino koharu arisu yukimi,wdYLUpj2sR8
デレステ つぼみ yumi yoshino arisu yukimi koharu,8HJ3tz13KDw
デレステ つぼみ yumi yoshino arisu koharu yukimi,Dif8qAK-bh8
デレステ つぼみ yumi koharu yukimi yoshino arisu,B_JvkSRx5qE
デレステ つぼみ yumi koharu yukimi arisu yoshino,B-oTzCVKPU0
デレステ つぼみ yumi koharu yoshino yukimi arisu,tXhRX40bHy0
デレステ つぼみ yumi koharu yoshino arisu yukimi,Ro-oVToqx60
デレステ つぼみ yumi koharu arisu yukimi yoshino,WxEV2wkV2bE
デレステ つぼみ yumi koharu arisu yoshino yukimi,9cNu3OIDKlU
デレステ つぼみ yumi arisu yukimi yoshino koharu,mtEV2fHxWxs
デレステ つぼみ yumi arisu yukimi koharu yoshino,BWR4iAGoKy0
デレステ つぼみ yumi arisu yoshino yukimi koharu,AHnzhEHmAHI
デレステ つぼみ yumi arisu yoshino koharu yukimi,q1vM35Q9VHA
デレステ つぼみ yumi arisu koharu yukimi yoshino,SESIWFCR070
デレステ つぼみ yumi arisu koharu yoshino yukimi,FcyVPduKUk4
デレステ つぼみ yukimi yumi yoshino koharu arisu,RSfU2OJH1dE
デレステ つぼみ yukimi yumi yoshino arisu koharu,PefiBZTRB-0
デレステ つぼみ yukimi yumi koharu yoshino arisu,9ncnGrkirvk
デレステ つぼみ yukimi yumi koharu arisu yoshino,bdg4O01DhEk
デレステ つぼみ yukimi yumi arisu yoshino koharu,uaURFT4M42k
デレステ つぼみ yukimi yumi arisu koharu yoshino,UxcoD49bpkU
デレステ つぼみ yukimi yoshino yumi koharu arisu,ygM_cOfwJ1Q
デレステ つぼみ yukimi yoshino yumi arisu koharu,-9if3XDVU7c
デレステ つぼみ yukimi yoshino koharu yumi arisu,gPmq0jn9Di4
デレステ つぼみ yukimi yoshino koharu arisu yumi,EM3l5XoWmbc
デレステ つぼみ yukimi yoshino arisu yumi koharu,EDzOB3JP_yo
デレステ つぼみ yukimi yoshino arisu koharu yumi,QeG47vnUJRo
デレステ つぼみ yukimi koharu yumi yoshino arisu,Uef8-hIe87A
デレステ つぼみ yukimi koharu yumi arisu yoshino,b4dsEmQ14Go
デレステ つぼみ yukimi koharu yoshino yumi arisu,UEwglWy7zmE
デレステ つぼみ yukimi koharu yoshino arisu yumi,996DONGJnNE
デレステ つぼみ yukimi koharu arisu yumi yoshino,XLQLyxOwRTo
デレステ つぼみ yukimi koharu arisu yoshino yumi,qG42RCB_Ngw
デレステ つぼみ yukimi arisu yumi yoshino koharu,XMdMwMf_cyY
デレステ つぼみ yukimi arisu yumi koharu yoshino,-yRew9J0TfU
デレステ つぼみ yukimi arisu yoshino yumi koharu,yT7pf_w-V0E
デレステ つぼみ yukimi arisu yoshino koharu yumi,XNtPyizAi5g
デレステ つぼみ yukimi arisu koharu yumi yoshino,9HtGMc6G9I0
デレステ つぼみ yukimi arisu koharu yoshino yumi,R8Z05LnNvXs
デレステ つぼみ yoshino yumi yukimi koharu arisu,WhU3o10BIC0
デレステ つぼみ yoshino yumi yukimi arisu koharu,zxqjsJHBnz0
デレステ つぼみ yoshino yumi koharu yukimi arisu,H8jGPbU8B6g
デレステ つぼみ yoshino yumi koharu arisu yukimi,bsIYlVTP4QM
デレステ つぼみ yoshino yumi arisu yukimi koharu,5AuoweHVKI8
デレステ つぼみ yoshino yumi arisu koharu yukimi,cLrvuAWtTC4
デレステ つぼみ yoshino yukimi yumi koharu arisu,JqRZwpmNyvw
デレステ つぼみ yoshino yukimi yumi arisu koharu,GxVgONLZod0
デレステ つぼみ yoshino yukimi koharu yumi arisu,1eNwU9PWapY
デレステ つぼみ yoshino yukimi koharu arisu yumi,hbhjL4mvtWk
デレステ つぼみ yoshino yukimi arisu yumi koharu,UJJ2ct-7_d0
デレステ つぼみ yoshino yukimi arisu koharu yumi,hAFdghVJu70
デレステ つぼみ yoshino koharu yumi yukimi arisu,YzoXcEO9bFo
デレステ つぼみ yoshino koharu yumi arisu yukimi,TyATpd7NI6c
デレステ つぼみ yoshino koharu yukimi yumi arisu,8UdVaFKm2nw
デレステ つぼみ yoshino koharu yukimi arisu yumi,mBzQPPnrxJA
デレステ つぼみ yoshino koharu arisu yumi yukimi,oQkjAlZc3JM
デレステ つぼみ yoshino koharu arisu yukimi yumi,YiRs2QcXLtA
デレステ つぼみ yoshino arisu yumi yukimi koharu,JQihVS6NkAQ
デレステ つぼみ yoshino arisu yumi koharu yukimi,OQsSiexHuuA
デレステ つぼみ yoshino arisu yukimi yumi koharu,Xz4BQna6pUM
デレステ つぼみ yoshino arisu yukimi koharu yumi,hzYqBcYbYqs
デレステ つぼみ yoshino arisu koharu yumi yukimi,dKRueme9x1I
デレステ つぼみ yoshino arisu koharu yukimi yumi,y0zErEWePHY
デレステ つぼみ koharu yumi yukimi yoshino arisu,A3JB7JYSb9k
デレステ つぼみ koharu yumi yukimi arisu yoshino,Db6C1e5TQAg
デレステ つぼみ koharu yumi yoshino yukimi arisu,bWANjmZyca8
デレステ つぼみ koharu yumi yoshino arisu yukimi,6UZgTFFugo4
デレステ つぼみ koharu yumi arisu yukimi yoshino,9MEbRE--N7k
デレステ つぼみ koharu yumi arisu yoshino yukimi,IUnltEl1QZ4
デレステ つぼみ koharu yukimi yumi yoshino arisu,kWKY3ACxpaU
デレステ つぼみ koharu yukimi yumi arisu yoshino,HiROL7r4Oxk
デレステ つぼみ koharu yukimi yoshino yumi arisu,tF1_6cU5QO0
デレステ つぼみ koharu yukimi yoshino arisu yumi,rI7JX0R9ggw
デレステ つぼみ koharu yukimi arisu yumi yoshino,5ndBmWcIYzE
デレステ つぼみ koharu yukimi arisu yoshino yumi,cxq2k7wM5mo
デレステ つぼみ koharu yoshino yumi yukimi arisu,PVa9-bV1I4Y
デレステ つぼみ koharu yoshino yumi arisu yukimi,PFhIQQUQGds
デレステ つぼみ koharu yoshino yukimi yumi arisu,4WOA8HK718U
デレステ つぼみ koharu yoshino yukimi arisu yumi,wDkJLjQOECA
デレステ つぼみ koharu yoshino arisu yumi yukimi,WLKpiwCjOUU
デレステ つぼみ koharu yoshino arisu yukimi yumi,b6rhAnbiCd4
デレステ つぼみ koharu arisu yumi yukimi yoshino,XONPi4oeIZQ
デレステ つぼみ koharu arisu yumi yoshino yukimi,ILaYJTIaPZg
デレステ つぼみ koharu arisu yukimi yumi yoshino,a0HdQU6Pot8
デレステ つぼみ koharu arisu yukimi yoshino yumi,G686SvQvzMY
デレステ つぼみ koharu arisu yoshino yumi yukimi,z0cbVEDEU0o
デレステ つぼみ koharu arisu yoshino yukimi yumi,TMHKydeaSKM
デレステ つぼみ arisu yumi yukimi yoshino koharu,pHuweZGX_EM
デレステ つぼみ arisu yumi yukimi koharu yoshino,C7Am04Jd9Hk
デレステ つぼみ arisu yumi yoshino yukimi koharu,vvY_8blsdhk
デレステ つぼみ arisu yumi yoshino koharu yukimi,0B5Qh85mc64
デレステ つぼみ arisu yukimi yumi yoshino koharu,iqZBYzUQrjo
デレステ つぼみ arisu yukimi yoshino koharu yumi,IbRLyfBVzXU
デレステ つぼみ arisu yoshino yumi yukimi koharu,_rBORKSjffA
デレステ つぼみ arisu yoshino yukimi koharu yumi,RLHE0degFWU
デレステ つぼみ arisu koharu yoshino yukimi yumi,wvAZN7jtTw4
デレステ つぼみ arisu koharu yoshino yumi yukimi,bc8ZhcCDqsw
デレステ つぼみ arisu koharu yukimi yoshino yumi,0QI3YUd355Q
デレステ つぼみ arisu koharu yukimi yumi yoshino,llaGplSawKg
デレステ つぼみ arisu koharu yumi yoshino yukimi,TGNSfuXE_50
デレステ つぼみ arisu koharu yumi yukimi yoshino,icQUkItUhXc
デレステ つぼみ arisu yoshino koharu yukimi yumi,1O3jfNWUCSk
デレステ つぼみ arisu yoshino koharu yumi yukimi,Uo2ucfDqeYU
デレステ つぼみ arisu yoshino yukimi yumi koharu,rDY3VuwNi8Y
デレステ つぼみ arisu yoshino yumi koharu yukimi,3wgIzYAqyKY
デレステ つぼみ arisu yukimi koharu yoshino yumi,vBTPN1ZfnR0
デレステ つぼみ arisu yukimi koharu yumi yoshino,i_AeGI20su4
デレステ つぼみ arisu yukimi yoshino yumi koharu,REyr76VTeMQ
デレステ つぼみ arisu yukimi yumi koharu yoshino,ydd0KhIQH40
デレステ つぼみ arisu yumi koharu yoshino yukimi,gFpWv_qfvn4
デレステ つぼみ arisu yumi koharu yukimi yoshino,AFzE-m99fEw